{
    "training_time": 229.14584589004517,
    "inference_time": 2.786808729171753
}